{
    "egodex": {
        "min": [
            -0.9855530858039856,
            -0.4194846451282501,
            -1.242400050163269,
            -0.9999886155128479,
            -0.9999917149543762,
            -1.0000004768371582,
            -0.9992795586585999,
            -1.0000005960464478,
            -0.9999151229858398,
            -1.0391992330551147,
            -0.5060349702835083,
            -1.336570382118225,
            -1.0604513883590698,
            -0.5305395126342773,
            -1.3464360237121582,
            -1.0865659713745117,
            -0.48724183440208435,
            -1.3646172285079956,
            -1.0907182693481445,
            -0.4844242036342621,
            -1.3617489337921143,
            -1.0882850885391235,
            -0.4880562424659729,
            -1.337437391281128,
            -0.8609469532966614,
            -0.044571198523044586,
            -1.3250027894973755,
            -0.9999803304672241,
            -1.000000238418579,
            -0.9999265670776367,
            -0.9980723857879639,
            -0.9999859929084778,
            -0.9999998211860657,
            -0.9739776253700256,
            -0.05394743010401726,
            -1.4407023191452026,
            -0.9995282292366028,
            -0.07511667162179947,
            -1.4862055778503418,
            -1.0072146654129028,
            -0.09344204515218735,
            -1.4911094903945923,
            -0.9617773294448853,
            -0.0959843099117279,
            -1.4918187856674194,
            -0.9456971883773804,
            -0.10423512011766434,
            -1.4638193845748901
        ],
        "max": [
            1.2185217142105103,
            1.9400322437286377,
            1.3029375076293945,
            1.000000238418579,
            0.9999970197677612,
            0.9991865158081055,
            1.0000008344650269,
            0.9999690651893616,
            1.000000238418579,
            1.325403094291687,
            2.045933961868286,
            1.296576976776123,
            1.2841676473617554,
            2.0664029121398926,
            1.3882571458816528,
            1.2794132232666016,
            2.0458993911743164,
            1.412601113319397,
            1.2698637247085571,
            2.037362813949585,
            1.4200690984725952,
            1.2569479942321777,
            2.0279452800750732,
            1.4222053289413452,
            1.4587363004684448,
            2.000661611557007,
            1.316088080406189,
            1.0000003576278687,
            0.9962211847305298,
            1.0000005960464478,
            1.0000005960464478,
            1.000000238418579,
            0.9999768733978271,
            1.3671461343765259,
            2.130622625350952,
            1.4029277563095093,
            1.3272658586502075,
            2.1794204711914062,
            1.4310003519058228,
            1.3345085382461548,
            2.1824495792388916,
            1.4228577613830566,
            1.3511148691177368,
            2.168896436691284,
            1.409196138381958,
            1.3732736110687256,
            2.136486530303955,
            1.391247272491455
        ],
        "q01": [
            -0.44862043857574463,
            0.37752920627594,
            -0.8014410567283631,
            -0.5455303597450256,
            -0.5767339164018631,
            -0.997568666934967,
            -0.4022110307216644,
            -0.9910101294517517,
            -0.6596521657705307,
            -0.42857934325933456,
            0.3177192538976669,
            -0.8847166734933853,
            -0.4500433295965195,
            0.2859683924913407,
            -0.9065506035089492,
            -0.45712051272392273,
            0.2738868075609207,
            -0.9038647872209549,
            -0.466590239405632,
            0.2666530051827431,
            -0.8994654685258865,
            -0.478159185051918,
            0.2708580341935158,
            -0.8921710342168808,
            -0.2610859701037407,
            0.4792553418874742,
            -0.8445359724760055,
            -0.5488619828224182,
            -0.8672267377376557,
            -0.1409821094572544,
            -0.28332549482583996,
            -0.7539077413082123,
            -0.8828529906272888,
            -0.36775722324848176,
            0.4637102508544923,
            -0.9226951944828033,
            -0.38058401495218275,
            0.44549113363027576,
            -0.9474478363990784,
            -0.37525004297494885,
            0.42958486765623094,
            -0.9471717500686645,
            -0.3636747944355011,
            0.41755775809288026,
            -0.9424956792593002,
            -0.3475749883055687,
            0.41235846370458606,
            -0.9362822771072388
        ],
        "q99": [
            0.18113026469945903,
            1.475058624744415,
            0.031991901621222396,
            0.9877141118049622,
            0.820229610204696,
            0.4018090456724166,
            0.9939742088317871,
            0.6981464207172392,
            0.9877349990606308,
            0.28377860814332956,
            1.5021093761920925,
            0.051005170941352596,
            0.30652072697877775,
            1.506269370317459,
            0.05538733456283776,
            0.30417356044054,
            1.4924043929576873,
            0.05644300267100333,
            0.2956812858581541,
            1.4797119414806366,
            0.051743479743599774,
            0.276104339659214,
            1.4678433632850645,
            0.046733084581792345,
            0.445721528828144,
            1.517328075170517,
            -0.08383386455476288,
            0.9446535456180571,
            0.511280545592308,
            0.9966995972394943,
            0.9922913908958435,
            0.9925143122673035,
            0.7486466777324674,
            0.4197690799832341,
            1.5325688123703003,
            -0.07508289843797744,
            0.43802566647529595,
            1.5373945927619932,
            -0.07950807034969332,
            0.4457284948229787,
            1.5257237136363981,
            -0.07783177614212056,
            0.4555856248736381,
            1.5150018084049224,
            -0.08277265682816515,
            0.4680782476067542,
            1.5080978024005889,
            -0.09206175878643996
        ],
        "mean": [
            -0.13831869077785466,
            0.9433434305323297,
            -0.37101485023182185,
            0.36882687275176956,
            0.1673287125346982,
            -0.722680515949902,
            0.5412558380730541,
            -0.5088548731754505,
            0.16101469606934865,
            -0.05302216839751697,
            0.9549011639133825,
            -0.4320714625460278,
            -0.05225791790423028,
            0.950696648255326,
            -0.4598455265439206,
            -0.05780361385410303,
            0.9387304507697425,
            -0.46215058776436374,
            -0.06909192422542328,
            0.9281871994911575,
            -0.4618911695336678,
            -0.08651093809326803,
            0.9202245748537882,
            -0.45785965473719353,
            0.12919797870404912,
            0.9815363194161388,
            -0.4163638348659431,
            0.34868062838218844,
            -0.2066045429554461,
            0.7652216504182521,
            0.5685750563257846,
            0.5431432651797873,
            -0.08599293224864972,
            0.04380491788921273,
            0.986375160491773,
            -0.4847269177911335,
            0.04467620165993114,
            0.9878266134664375,
            -0.5100196304645779,
            0.052071830675381806,
            0.9759518502752796,
            -0.5101210986096273,
            0.06453887346304334,
            0.9659429181547443,
            -0.5092885548052244,
            0.08165712099720793,
            0.9599648031125935,
            -0.5063435199731439
        ],