{
    "egodex": {
        "min": [
            -0.7258493900299072,
            -0.21260473132133484,
            -1.1631819009780884,
            -0.994147539138794,
            -0.999651312828064,
            -1.0000004768371582,
            -0.984483540058136,
            -0.9999937415122986,
            -0.9961827397346497,
            -0.748541533946991,
            -0.17553551495075226,
            -1.197088360786438,
            -0.7710369825363159,
            -0.21285222470760345,
            -1.2048863172531128,
            -0.7942567467689514,
            -0.23070193827152252,
            -1.228294014930725,
            -0.7951734662055969,
            -0.24628499150276184,
            -1.2374316453933716,
            -0.7810405492782593,
            -0.256767213344574,
            -1.2208486795425415,
            -0.6093204617500305,
            0.02105766348540783,
            -1.2024316787719727,
            -0.9987120628356934,
            -0.9999385476112366,
            -0.9991401433944702,
            -0.9130454063415527,
            -0.9992286562919617,
            -0.999854564666748,
            -0.7218707799911499,
            -6.035143815097399e-05,
            -1.2598775625228882,
            -0.7646376490592957,
            -0.0013524942332878709,
            -1.290159821510315,
            -0.7610894441604614,
            -0.014172106981277466,
            -1.3033219575881958,
            -0.7463192939758301,
            -0.010958406142890453,
            -1.2819747924804688,
            -0.7238122820854187,
            -0.00752561679109931,
            -1.2691317796707153
        ],
        "max": [
            1.1936017274856567,
            1.9317256212234497,
            1.3029375076293945,
            0.9999869465827942,
            0.9999501705169678,
            0.8287820219993591,
            0.9999973177909851,
            0.9970574975013733,
            0.9999956488609314,
            1.1531225442886353,
            2.0268714427948,
            1.2831236124038696,
            1.1510086059570312,
            2.0198607444763184,
            1.3423348665237427,
            1.1403108835220337,
            2.013033866882324,
            1.3686522245407104,
            1.1225532293319702,
            2.014758348464966,
            1.3889108896255493,
            1.10762619972229,
            2.0116569995880127,
            1.3970980644226074,
            1.3531006574630737,
            1.9362937211990356,
            1.2615760564804077,
            0.9999977350234985,
            0.9702296257019043,
            0.9999977946281433,
            0.9999964237213135,
            0.9999967813491821,
            0.999803900718689,
            1.252105474472046,
            2.041905641555786,
            1.3677273988723755,
            1.2542290687561035,
            2.0546789169311523,
            1.4028112888336182,
            1.2724868059158325,
            2.0356009006500244,
            1.4158647060394287,
            1.2863190174102783,
            2.005129098892212,
            1.3898199796676636,
            1.314691185951233,
            2.004852533340454,
            1.364356279373169
        ],
        "quantile_01": [
            -0.4498465257883072,
            0.4314482197165489,
            -0.7836240875720978,
            -0.5424866706132889,
            -0.5389578437805176,
            -0.9974739360809326,
            -0.34617143094539643,
            -0.9901758867502213,
            -0.659213964343071,
            -0.42606185406446456,
            0.3937952876091003,
            -0.869883097410202,
            -0.4475390538573265,
            0.3659322983026502,
            -0.8960349887609482,
            -0.45694747239351274,
            0.3607218581438064,
            -0.8961529695987701,
            -0.46797977536916735,
            0.35307626813650106,
            -0.8927236098051071,
            -0.4800147733092308,
            0.35136523604393005,
            -0.8875707960128785,
            -0.2617725944519043,
            0.6098121440410613,
            -0.8396170103549957,
            -0.537397717833519,
            -0.8693077337741852,
            -0.13851134777069093,
            -0.2774339503049851,
            -0.7300420504808426,
            -0.8732295906543732,
            -0.3649829599261284,
            0.5976280099153518,
            -0.9185052305459976,
            -0.3796917355060577,
            0.5925379592180251,
            -0.9466189795732498,
            -0.373601995408535,
            0.5834853935241698,
            -0.9462145578861236,
            -0.36348708778619765,
            0.5742524319887161,
            -0.9402147930860519,
            -0.3474203959107399,
            0.5687695509195327,
            -0.933323392868042
        ],
        "quantile_99": [
            0.16481013149023074,
            1.4693359136581423,
            0.012347117280587615,
            0.9876247131824494,
            0.8176586967706688,
            0.37414357513189317,
            0.9935251611471176,
            0.6971660649776461,
            0.986841745376587,
            0.2786570525169377,
            1.489129880666733,
            0.044979738630354565,
            0.29479822933673866,
            1.4933473980426788,
            0.045383814834058296,
            0.2940641513466837,
            1.4813514614105228,
            0.04981056928634651,
            0.2889456170797348,
            1.4691916871070863,
            0.039789415597915725,
            0.2661031389236451,
            1.458960212469101,
            0.03237481951713611,
            0.442210750281811,
            1.5134719920158386,
            -0.09278515338897644,
            0.9418118536472322,
            0.5044588893651963,
            0.996662187576294,
            0.9919743740558624,
            0.9928796964883805,
            0.7467035740613941,
            0.4195774826407434,
            1.5215216743946076,
            -0.09921524092554979,
            0.43541227340698285,
            1.524306608438492,
            -0.10182454213500007,
            0.4396118095517161,
            1.512402083873749,
            -0.1049844320863485,
            0.44919580459594766,
            1.5014457869529725,
            -0.10719074144959448,
            0.46099831581115736,
            1.496619029045105,
            -0.1154253473132845
        ],
        "mean": [
            -0.1411693422354298,
            0.9456983919680937,
            -0.3732784032102643,
            0.36930241243821266,
            0.167399548891174,
            -0.727810305657667,
            0.543652111977819,
            -0.5114213845491533,
            0.15908277884598226,
            -0.055699686581275984,
            0.9570546711888149,
            -0.4350543329756955,
            -0.055126355396743786,
            0.9528506375024537,
            -0.46303909860766607,
            -0.06058517404592115,
            0.9409737247720338,
            -0.46555279860900445,
            -0.07190669615273515,
            0.9304592839361873,
            -0.4652792377295277,
            -0.08945766634062885,
            0.922445891477364,
            -0.46110789611922054,
            0.12871579600256072,
            0.982855410963793,
            -0.42143745594585913,
            0.35132417546262423,
            -0.20641525879298345,
            0.7644242458377202,
            0.5676880721461839,
            0.5501575214359642,
            -0.08644384379628473,
            0.04265535218776209,
            0.9877501606024376,
            -0.4894780309248916,
            0.04379876887496877,
            0.9890296127473723,
            -0.5152781781995575,
            0.051363625527534394,
            0.9770116152367101,
            -0.5153493479429504,
            0.06391047748972814,
            0.9669158978568497,
            -0.5145397136926961,
            0.08117879017570352,
            0.9610346003452952,
            -0.5116091722951873
        ],