{
    "egodex": {
        "min": [
            -0.41500452160835266,
            -0.4480170011520386,
            -0.40322792530059814,
            -2.251932382583618,
            -1.5051891803741455,
            -2.135993719100952,
            0.0,
            0.0,
            0.0,
            -0.5412132067672761,
            -0.5332054707775038,
            -0.4125544584794051,
            -0.5733124410608852,
            -0.5742001965234209,
            -0.45001482296861683,
            -0.5869593983593173,
            -0.5701978073728551,
            -0.4609665894625543,
            -0.5840755685116168,
            -0.5657986689240673,
            -0.46482971869619016,
            -0.5740256891648929,
            -0.5553424626941617,
            -0.48246619008218683,
            -0.3069208860397339,
            -0.5717805624008179,
            -0.2777199149131775,
            -2.2208821773529053,
            -1.4887217283248901,
            -2.733480930328369,
            0.0,
            0.0,
            0.0,
            -0.37517669198031056,
            -0.5354742517941942,
            -0.33511030762195304,
            -0.41767151947960857,
            -0.5688443416470665,
            -0.35685633802328454,
            -0.4502744642051566,
            -0.578930482253015,
            -0.3581362837798892,
            -0.4496680785421068,
            -0.5940057746934282,
            -0.32826289440983036,
            -0.4339376075624186,
            -0.611275753442994,
            -0.30316388172781217
        ],
        "max": [
            0.38246461749076843,
            0.4393730163574219,
            0.31826066970825195,
            2.9296493530273438,
            1.3107372522354126,
            3.02125883102417,
            0.0,
            0.0,
            0.0,
            0.40179404992818246,
            0.5337169769120331,
            0.4412606325923285,
            0.4126498155390308,
            0.5658635942139882,
            0.4586148673848598,
            0.42074476248524106,
            0.5805072985114235,
            0.4527493578292834,
            0.4216222622320238,
            0.5901941508249993,
            0.43471873555524354,
            0.4098512098470669,
            0.5877535623940946,
            0.41521958266644,
            0.3534752130508423,
            0.4125306010246277,
            0.35426464676856995,
            2.0931806564331055,
            1.4080337285995483,
            2.0911335945129395,
            0.0,
            0.0,
            0.0,
            0.34622776165489544,
            0.44836657725766627,
            0.43163855122619665,
            0.378419983360089,
            0.4773325738649713,
            0.4861072456852311,
            0.37920755679999607,
            0.4742820370733303,
            0.4808227677661656,
            0.36132642807492443,
            0.46971150416985663,
            0.44149155979858956,
            0.38894316724540196,
            0.4745556617428276,
            0.442263631964654
        ],
        "quantile_01": [
            -0.054536184929311275,
            -0.04677244484424591,
            -0.05080677583813667,
            -0.4160928389430046,
            -0.36613897293806075,
            -0.44440468221902846,
            0.0,
            0.0,
            0.0,
            -0.07018421090776579,
            -0.07240270839088833,
            -0.0786657008302862,
            -0.07701131867244218,
            -0.0745487995211018,
            -0.08091845918721521,
            -0.07863100534270744,
            -0.07558472881282187,
            -0.0808747600023706,
            -0.07615152601655527,
            -0.07021857213843724,
            -0.07494672914318014,
            -0.07408352127016436,
            -0.06513819866741301,
            -0.06909113154167884,
            -0.08195765845477582,
            -0.0764145815372467,
            -0.06943751558661461,
            -0.5027003782987595,
            -0.44421607196331026,
            -0.5677517938613892,
            0.0,
            0.0,
            0.0,
            -0.11175382974904814,
            -0.10210300083047533,
            -0.09634656291394954,
            -0.11992496218602887,
            -0.10489963653831627,
            -0.09745294842776987,
            -0.11896852058437873,
            -0.10555593310254106,
            -0.09796974303014551,
            -0.1158213914699263,
            -0.10015807442623412,
            -0.09077073475999464,
            -0.11282390040898917,
            -0.09622323526326837,
            -0.0846061696936522
        ],
        "quantile_99": [
            0.057634627446532194,
            0.04191700696945189,
            0.04796813577413555,
            0.3821653974056244,
            0.3478640687465665,
            0.42790945470333047,
            0.0,
            0.0,
            0.0,
            0.07379799005455039,
            0.0687473446388265,
            0.07435040239256928,
            0.07886740800910662,
            0.07061626255231539,
            0.07899847662221875,
            0.0806537952737145,
            0.07169247454212019,
            0.0811675135832235,
            0.0787235772928236,
            0.06726247395522197,
            0.07499737319739841,
            0.07620536850301157,
            0.06301608660445224,
            0.06819137046494576,
            0.07878695726394651,
            0.07099682807922358,
            0.06498551473021504,
            0.4431607341766357,
            0.44204262048006043,
            0.5937661057710641,
            0.0,
            0.0,
            0.0,
            0.1058447053998868,
            0.09588280478784408,
            0.0881332502609629,
            0.11478621154995883,
            0.10003058391724806,
            0.09049692237095655,
            0.11430357151703423,
            0.09945508260580851,
            0.09259700177675015,
            0.11118398835505557,
            0.09673744394580563,
            0.08466490668301692,
            0.10830767013580252,
            0.0931177307249333,
            0.0787528139361546
        ],
        "mean": [
            0.00011386301236376594,
            -8.299105959716781e-05,
            2.959306147562057e-05,
            -0.0014862335330299086,
            -0.0014822680857969693,
            0.00020540526691108617,
            0.0,
            0.0,
            0.0,
            0.0002083138437014029,
            1.9369648942962383e-05,
            6.728837487976233e-06,
            0.00018978579318958133,
            -3.2917519646841714e-05,
            6.15897285370001e-05,
            0.00019618782576546456,
            -1.1657511282250978e-05,
            5.73065486429167e-05,
            0.00018453835318968254,
            -7.3963678439341125e-06,
            3.8147004180938425e-05,
            0.00016774600690102297,
            -2.0201507071941153e-05,
            3.092361192777252e-05,
            -0.0004143485830593321,
            -0.0004433467400100946,
            0.00010168352136922116,
            -0.005547164611738087,
            0.00047378543263588383,
            -0.003486331605144146,
            0.0,
            0.0,
            0.0,
            -0.000578603162368412,
            -1.1769808493230259e-05,
            0.00015628029275463405,
            -0.0005606009344551072,
            -1.473605597892924e-05,
            0.00031220578039103285,
            -0.000600796821308429,
            -1.2472583349246024e-05,
            0.0003186987991156918,
            -0.0006160450339513691,
            -4.646825107254758e-06,
            0.0002401456747027517,
            -0.0005764212580291477,
            -8.238155354943938e-05,
            0.00019430224822696005
        ],